1;1.1.svg;1.1;Железнодорожный переезд со шлагбаумом;"Предупреждает о приближении к железнодорожному переезду, оборудованному шлагбаумом. Повторяется вне населённых пунктов на расстоянии от 20 до 50 метров до начала опасного участка дороги."
2;1.2.svg;1.2;Железнодорожный переезд без шлагбаума;"Предупреждает о приближении к железнодорожному переезду, не оборудованному шлагбаумом. Повторяется вне населённых пунктов на расстоянии от 20 до 50 метров до начала опасного участка дороги."
3;1.3.1.svg;1.3.1;Однопутная железная дорога;Предупреждение о переезде через железную дорогу с одним путём. Устанавливается непосредственно перед железнодорожным переездом.
4;1.3.2.svg;1.3.2;Многопутная железная дорога;Предупреждение о переезде через железную дорогу с двумя и более путями. Устанавливается непосредственно перед железнодорожным переездом.
5;1.4.1.svg;1.4.1;Приближение к железнодорожному переезду;Дополнительное предупреждение о приближении к железнодорожному переезду вне населённых пунктов. Устанавливается на правой[6] стороне дороги за 150—300 метров.
6;1.4.2.svg;1.4.2;Приближение к железнодорожному переезду;Дополнительное предупреждение о приближении к железнодорожному переезду вне населённых пунктов. Устанавливается на правой[6] стороне дороги посередине между знаками 1.4.1 и 1.4.3.
7;1.4.3.svg;1.4.3;Приближение к железнодорожному переезду;Дополнительное предупреждение о приближении к железнодорожному переезду вне населённых пунктов. Устанавливается на правой[6] стороне дороги за 20—50 метров.
8;1.4.4.svg;1.4.4;Приближение к железнодорожному переезду;"Дополнительное предупреждение о приближении к железнодорожному переезду вне населённых пунктов. Устанавливается на левой[6] стороне дороги, имеющей 4 и более полосы, напротив знака 1.4.1."
9;1.4.5.svg;1.4.5;Приближение к железнодорожному переезду;"Дополнительное предупреждение о приближении к железнодорожному переезду вне населённых пунктов. Устанавливается на левой[6] стороне дороги, имеющей 4 и более полосы, напротив знака 1.4.2."
10;1.4.6.svg;1.4.6;Приближение к железнодорожному переезду;"Дополнительное предупреждение о приближении к железнодорожному переезду вне населённых пунктов. Устанавливается на левой[6] стороне дороги, имеющей 4 и более полосы, напротив знака 1.4.3."
11;1.5.svg;1.5;Пересечение с трамвайной линией;"Предупреждает о приближении к пересечению с трамвайными путями вне перекрёстка или перед перекрёстком при ограниченной видимости трамвайных путей (менее 50 м). Приближаясь к такому пересечению, водитель должен быть особо внимателен, так как в большинстве случаев трамвай имеет преимущественное право на движение, то есть водитель должен уступить дорогу трамваю."
12;1.6.svg;1.6;Конец дороги с усовершенствованным покрытием[7];Предупреждает о приближении к переходу дороги с усовершенствованным покрытием в гравийную или грунтовую дорогу.
13;1.7.svg;1.7;Пересечение с круговым движением;"Предупреждает о приближении к перекрёстку, на котором организовано круговое движение."
14;1.8.svg;1.8;Светофорное регулирование;"Предупреждает о приближении к перекрёстку, пешеходному переходу или участку дороги, движение на которых регулируется светофором."
15;1.9.svg;1.9;Разводной мост или паромная переправа;Предупреждает о приближении к разводному мосту или паромной переправе. Повторяется вне населённых пунктов на расстоянии от 20 до 50 метров до начала опасного участка дороги.
16;1.10.svg;1.10;Выезд на набережную;"Предупреждает о выезде на набережную, берег водоёма, где имеется опасность съезда транспортного средства в воду. Повторяется вне населённых пунктов на расстоянии от 20 до 50 метров до начала опасного участка дороги."
17;1.11.1.svg;1.11.1;Опасный поворот;"Предупреждает о закруглении дороги малого радиуса или с ограниченной обзорностью направо. Водитель должен помнить, что на таких участках запрещены такие манёвры как обгон, разворот и движение задним ходом."
18;1.11.2.svg;1.11.2;Опасный поворот;"Предупреждает о закруглении дороги малого радиуса или с ограниченной обзорностью налево. Водитель должен помнить, что на таких участках запрещены такие манёвры как обгон, разворот и движение задним ходом."
19;1.12.1.svg;1.12.1;Опасные повороты;"Предупреждает о приближении к участку дороги с двумя и более опасными поворотами, следующими друг за другом, первый поворот направо. При трёх и более поворотах применяется с табличкой 7.7, а также может применяться с табличкой 7.2.1. Водитель должен помнить, что на таких участках запрещены такие манёвры как обгон, разворот и движение задним ходом."
20;1.12.2.svg;1.12.2;Опасные повороты;"Предупреждает о приближении к участку дороги с двумя и более опасными поворотами, следующими друг за другом, первый поворот налево. При трёх и более поворотах применяется с табличкой 7.7, а также может применяться с табличкой 7.2.1. Водитель должен помнить, что на таких участках запрещены такие манёвры как обгон, разворот и движение задним ходом."
21;1.13.svg;1.13;Крутой спуск;"Цифрами указывается уклон в процентах. Может устанавливаться без таблички 7.1.1 непосредственно перед началом спуска, если спуски и подъёмы следуют один за другим. При наличии препятствия для дорожного движения водитель, движущийся на спуск, должен уступить дорогу[8]."
22;1.14.svg;1.14;Крутой подъём;"Цифрами указывается уклон в процентах. Может устанавливаться без таблички 7.1.1 непосредственно перед началом подъёма, если спуски и подъёмы следуют один за другим. При наличии препятствия для дорожного движения водитель, движущийся на спуск, должен уступить дорогу[8]."
23;1.15.svg;1.15;Скользкая дорога;Предупреждает о приближении к участку дороги с повышенной скользкостью.
24;1.16.1.svg;1.16.1;Искусственная неровность;Предупреждает об участке дороги с установленной искусственной неровностью (неровностями) на проезжей части дороги.
25;1.16.2.svg;1.16.2;Неровная дорога;"Предупреждает об участке дороги с неровностями на проезжей части (волны, наплывы, гребёнка и т. п.)."
26;1.16.3.svg;1.16.3;Неровная дорога;"Предупреждает об участке дороги, имеющем неплавные сопряжения с покрытием дороги в виде наплыва (бугра)."
27;1.16.4.svg;1.16.4;Неровная дорога;"Предупреждает об участке дороги, имеющем повреждения покрытия в виде отдельных выбоин, просадок."
28;1.17.svg;1.17;Выброс щебня;"Предупреждает об участке дороги с усовершенствованным покрытием[7], на котором возможен выброс щебня, гравия из-под колес транспортных средств."
29;1.18.1.svg;1.18.1;Сужение дороги;Сужение с обеих сторон
30;1.18.2.svg;1.18.2;Сужение справа;
31;1.18.3.svg;1.18.3;Сужение слева;
32;1.18.4.svg;1.18.4;Сужение с обеих сторон;
33;1.18.5.svg;1.18.5;Сужение справа;
34;1.18.6.svg;1.18.6;Сужение слева;
35;1.19.1.svg;1.19.1;Двустороннее движение;Начало участка дороги (проезжей части дороги) со встречным движением после участка дороги с односторонним движением.
36;1.19.2.svg;1.19.2;Двустороннее движение;"Начало участка дороги (проезжей части дороги) со встречным движением после участка дороги с односторонним движением. Применяется при проведении дорожных работ, когда временно организуется двустороннее движение на одной из проезжих частей, предназначенной для движения в одном направлении."
37;1.20.svg;1.20;Впереди пешеходный переход;"Предупреждает о приближении к нерегулируемому пешеходному переходу, обозначенному знаками 5.16.1, 5.16.2 и (или) горизонтальной дорожной разметкой 1.14.1, 1.14.2."
38;1.21.svg;1.21;Дети;"Предупреждает о приближении к участку дороги, на котором возможно появление детей с территории детского или иного учреждения (школы, оздоровительного лагеря, больницы и т. п.), прилегающего непосредственно к дороге. Повторяется вне населённых пунктов на расстоянии от 20 до 50 метров до начала опасного участка дороги."
39;1.22.svg;1.22;Пересечение с велосипедной дорожкой;Предупреждает о пересечении велосипедной дорожки с проезжей частью дороги вне перекрёстка.
40;1.23.svg;1.23;Дорожные работы;"Предупреждает об участке дороги, на котором выполняются ремонтные и другие работы. Повторяется вне населённых пунктов на расстоянии от 20 до 50 метров до начала опасного участка дороги. Повторяется также в населённых пунктах непосредственно у начала участка проведения ремонтных и других работ."
41;1.24.svg;1.24;Перегон скота;"Предупреждает о приближении к участку дороги, на котором возможно появление скота."
42;1.25.svg;1.25;Дикие животные;"Предупреждает о приближении к участку дороги, проходящему по территории заповедников (охотничьих хозяйств, лесных массивов и т. п.), на котором возможно появление диких животных."
43;1.26.svg;1.26;Падение камней;"Предупреждает о приближении к участку дороги, на котором возможны обвалы, оползни, падение камней."
44;1.27.svg;1.27;Боковой ветер;"Предупреждает о приближении к участку дороги, на котором возможны сильный боковой ветер или его внезапные порывы."
45;1.28.svg;1.28;Низколетящие самолёты;Предупреждает о приближении к участку дороги вблизи аэродромов либо над которым пролетают самолёты или вертолёты на небольшой высоте.
46;1.29.svg;1.29;Аварийно-опасный участок;"Предупреждает о приближении к участку дороги, на котором часто совершаются дорожно-транспортные происшествия. Знак может сопровождаться одной из табличек 7.22.1—7.22.4, указывающей на вид опасности."
47;1.30.svg;1.30;Прочие опасности;"Предупреждает о приближении к опасному участку дороги, который невозможно обозначить другими предупреждающими знаками."
48;1.31.1.svg;1.31.1;Направление поворота;"Направление движения на повороте дороги малого радиуса с ограниченной обзорностью. (1.31.1, 1.31.2, 1.31.4, 1.31.5)Направление объезда препятствия для дорожного движения на ремонтируемом участке дороги. (1.31.1, 1.31.2)Направление объезда центрального островка на перекрестке с круговым движением. (1.31.1)Направление движения на Т-образном перекрестке, разветвлении дорог. (1.31.1—1.31.3)Направление объезда ремонтируемого участка дороги. (1.31.3)"
49;1.31.2.svg;1.31.2;Направление поворота;
50;1.31.3.svg;1.31.3;Направление поворота;
51;1.31.4.svg;1.31.4;Направление поворота;
52;1.31.5.svg;1.31.5;Направление поворота;
53;1.32.svg;1.32;Опасная обочина;Предупреждает о приближении к участку дороги с заниженной или разрушенной обочиной либо на котором ведутся работы по ремонту обочин.
54;1.33.svg;1.33;Гололедица;"Предупреждает о приближении к участку дороги, на котором возможны снежные заносы либо ледяные или снежно-ледяные образования."
55;1.34.svg;1.34;Затор на дороге;"Предупреждает о приближении к участку дороги, на котором возможно образование заторов."
56;1.35.svg;1.35;Сезонные миграции земноводных;"Предупреждает о приближении к участку дороги, на котором возможны массовые появления земноводных на проезжей части."
57;1.36.svg;1.36;Контроль режима движения;Рекомендательный[9]. Предупреждает о контроле дорожного движения средствами автоматической фотофиксации. Дублируется на разделительной полосе.[9].
58;2.1.svg;2.1;Главная дорога;Предоставляется право преимущественного проезда перекрёстка (пересечения проезжих частей дорог).
59;2.2.svg;2.2;Конец главной дороги;Отменяется право преимущественного проезда перекрёстка (пересечения проезжих частей дорог).
60;2.3.1.svg;2.3.1;Пересечение со второстепенной дорогой;Предупреждает о близости пересечения со второстепенной дорогой. Применяется вне населённых пунктов на расстоянии 150—300 метров до прекрёстка.
61;2.3.2.svg;2.3.2;Примыкание второстепенной дороги;Предупреждает о близости примыкания второстепенной дороги справа. Применяется вне населённых пунктов на расстоянии 150—300 метров до прекрёстка.
62;2.3.3.svg;2.3.3;Примыкание второстепенной дороги;Предупреждает о близости примыкания второстепенной дороги слева. Применяется вне населённых пунктов на расстоянии 150—300 метров до прекрёстка.
63;2.3.4.svg;2.3.4;Пересечение равнозначных дорог;"Приближение к перекрёстку равнозначных дорог. Необходимо уступать дорогу любым транспортным средствам, приближающимся справа, пешеходам и трамваям[13]. Применяется вне населённых пунктов на расстоянии от 150 до 300 метров, а в населённых пунктах — как правило, на расстоянии от 50 до 100 метров до прекрёстка."
64;2.4.svg;2.4;Уступить дорогу;"Необходимо уступить дорогу транспортным средствам движущимся по пересекаемой дороге, а при наличии таблички 7.13 — транспортным средствам, движущимся по главной дороге, а также справа по равнозначной дороге. Знак, установленный на главной дороге, обозначает также конец главной дороги."
65;2.5.svg;2.5;Движение без остановки запрещено;"Запрещается движение без остановки перед «стоп-линией» (знаком 5.33, горизонтальной дорожной разметкой 1.12), а при её отсутствии — перед краем пересекаемой проезжей части дороги. Необходимо уступить дорогу транспортным средствам, движущимся по пересекаемой дороге, а при наличии таблички 7.13 — транспортным средствам, движущимся по главной дороге, а также справа по равнозначной дороге.Знак 2.5 может быть установлен перед железнодорожным переездом. В этом случае, когда движение через переезд не запрещено, водитель должен остановиться перед «стоп-линией» (знаком 5.33, горизонтальной дорожной разметкой 1.12), а при её отсутствии — перед знаком 2.5."
66;2.6.1.svg;2.6.1;Преимущество встречного движения;"Запрещается въезд на участок дороги, если это может затруднить встречное движение. Необходимо уступить дорогу транспортным средствам, находящимся на данном участке дороги или на противоположном подъезде к нему."
67;2.6.2.svg;2.6.2;Преимущество встречного движения;"Запрещается въезд на участок дороги, если это может затруднить встречное движение. Необходимо уступить дорогу транспортным средствам, находящимся на данном участке дороги или на противоположном подъезде к нему."
68;2.7.svg;2.7;Преимущество перед встречным движением;"Участок дороги, при движении по которому водитель пользуется преимуществом по отношению к встречным транспортным средствам."
69;3.1.svg;3.1;Въезд запрещен;Запрещается въезд транспортных средств.Обиходное название знака — «кирпич».
70;3.2.svg;3.2;Движение запрещено;Запрещается движение транспортных средств.
71;3.3.svg;3.3;Движение механических транспортных средств запрещено;Запрещается движение механических транспортных средств.
72;3.4.svg;3.4;Движение грузовых автомобилей запрещено;"Запрещается движение грузовых автомобилей (автопоездов) с технически допустимой общей массой[17] более 3,5 тонны (если на знаке не указана масса) или с фактической массой, превышающей указанную на знаке, а также колёсных тракторов и самоходных машин."
73;3.5.svg;3.5;Движение мотоциклов запрещено;Запрещается движение мотоциклов и мопедов.
74;3.6.svg;3.6;Движение тракторов запрещено;Запрещается движение колёсных тракторов и самоходных машин.
75;3.7.svg;3.7;Движение с прицепом запрещено;"Запрещаются движение грузовых автомобилей, колёсных тракторов и самоходных машин с прицепами, а также буксировка механических транспортных средств."
76;3.8.svg;3.8;Движение гужевых транспортных средств запрещено;"Запрещаются движение гужевых транспортных средств, животных под седлом или вьюком, а также прогон скота."
77;3.9.svg;3.9;Движение велосипедов запрещено;Запрещается движение велосипедов.
78;3.10.svg;3.10;Движение пешеходов запрещено;Запрещается движение пешеходов.
79;3.11.1.svg;3.11.1;Ограничение массы;"Запрещается движение транспортных средств, в том числе автопоездов, общая фактическая масса которых больше указанной на знаке."
80;3.11.2.svg;3.11.2;Ограничение массы;"Запрещается движение транспортных средств, в том числе автопоездов, общая фактическая масса которых больше указанной на знаке."
81;3.12.1.svg;3.12.1;Ограничение нагрузки на ось;"Запрещается движение транспортных средств, у которых фактическая нагрузка на любую ось больше указанной на знаке. Для двухосного транспортного средства на переднюю ось приходится 1/3 массы, на заднюю — 2/3. Если более 2 осей, то масса распределяется по ним равномерно."
82;3.12.2.svg;3.12.2;Ограничение нагрузки на ось;"Запрещается движение транспортных средств, у которых фактическая нагрузка на любую ось больше указанной на знаке. Для двухосного транспортного средства на переднюю ось приходится 1/3 массы, на заднюю — 2/3. Если более 2 осей, то масса распределяется по ним равномерно."
83;3.13.svg;3.13;Ограничение высоты;"Запрещается движение транспортных средств, габаритная высота которых (с грузом или без груза) больше указанной на знаке."
84;3.14.svg;3.14;Ограничение ширины;"Запрещается движение транспортных средств, габаритная ширина которых (с грузом или без груза) больше указанной на знаке."
85;3.15.1.svg;3.15.1;Ограничение длины;"Запрещается движение транспортных средств (автопоездов), габаритная длина которых (с грузом или без груза) больше указанной на знаке."
86;3.15.2.svg;3.15.2;Ограничение длины;"Запрещается движение транспортных средств (автопоездов), габаритная длина которых (с грузом или без груза) больше указанной на знаке."
87;3.16.svg;3.16;Ограничение минимальной дистанции;Запрещается движение транспортных средств с дистанцией между ними меньше указанной на знаке.
88;3.17.1.svg;3.17.1;Таможня;Запрещается проезд без остановки у таможни (контрольного пункта). Разрешение на дальнейшее движение даёт работник таможни (контрольного пункта).
89;3.17.2.svg;3.17.2;Опасность;"Запрещается движение всех без исключения транспортных средств в связи с дорожно-транспортным происшествием, аварией, стихийным бедствием или другой опасностью для движения."
90;3.18.1.svg;3.18.1;Поворот направо запрещен;Поворот направо запрещён.
91;3.18.2.svg;3.18.2;Поворот налево запрещен;"Поворот налево запрещён, разрешён разворот."
92;3.19.svg;3.19;Разворот запрещён;"Разворот запрещён, разрешён поворот налево."
93;3.20.1.svg;3.20.1;Обгон запрещен;"Запрещается обгон транспортных средств, кроме одиночных, движущихся со скоростью менее 30 км/ч."
94;3.20.2.svg;3.20.2;Обгон запрещен;
95;3.20.3.svg;3.20.3;Обгон запрещен;"Запрещается обгон транспортных средств, скорость движения которых больше указанной на знаке."
96;3.21.1.svg;3.21.1;Конец зоны запрещения обгона;Отменяет действие знаков 3.20.1—3.20.3.
97;3.21.2.svg;3.21.2;Конец зоны запрещения обгона;Отменяет действие знаков 3.20.1—3.20.3.
98;3.22.svg;3.22;Обгон грузовым автомобилям запрещен;"Грузовым автомобилям с технически допустимой общей массой более 3,5 тонны запрещается обгон транспортных средств, кроме одиночных, движущихся со скоростью менее 30 км/ч. Колёсным тракторам и самоходным машинам запрещается обгон транспортных средств, кроме одиночных велосипедов, гужевых транспортных средств."
99;3.23.svg;3.23;Конец зоны запрещения обгона грузовым автомобилям;Отменяет действие знака 3.22.
100;3.24.1.svg;3.24.1;Ограничение максимальной скорости;"Запрещается движение со скоростью (км/ч), превышающей указанную на знаке."
101;3.24.2.svg;3.24.2;Ограничение максимальной скорости;"Запрещается движение со скоростью (км/ч), превышающей указанную на знаке."
102;3.25.1.svg;3.25.1;Конец зоны ограничения максимальной скорости;"Отменяет действие знаков 3.24.1, 3.24.2."
103;3.25.2.svg;3.25.2;Конец зоны ограничения максимальной скорости;
104;3.26.svg;3.26;Подача звукового сигнала запрещена;"Запрещается пользоваться звуковым сигналом, кроме случая подачи его для предотвращения дорожно-транспортного происшествия."
105;3.27.svg;3.27;Остановка запрещена;Запрещаются остановка и стоянка транспортных средств.
106;3.28.svg;3.28;Стоянка запрещена;Запрещается стоянка всех транспортных средств.
107;3.29.svg;3.29;Стоянка запрещена по нечётным числам месяца;Запрещается стоянка по нечётным числам месяца.
108;3.30.svg;3.30;Стоянка запрещена по чётным числам месяца;запрещается стоянка по чётным числам месяца.При одновременном применении знаков 3.29 и 3.30 на противоположных сторонах дороги транспортные средства должны быть переставлены с одной её стороны на другую в период с 19 до 24 часов.
109;3.31.svg;3.31;Конец зоны всех ограничений;"Обозначение конца зоны действия следующих знаков: 3.16, 3.20.1—3.20.3, 3.22, 3.24.1, 3.24.2, 3.26—3.30."
110;3.32.svg;3.32;Движение транспортных средств с опасными грузами запрещено;"Запрещается движение транспортных средств, оборудованных опознавательными знаками «Опасный груз»."
111;4.1.1.svg;4.1.1;Движение прямо;Движение разрешено только прямо.
112;4.1.2.svg;4.1.2;Движение направо;Движение разрешено только направо.
113;4.1.3.svg;4.1.3;Движение налево;"Движение разрешено только налево или из крайней левой полосы движения на разворот, если разметка или другие дорожные знаки не предписывают иное."
114;4.1.4.svg;4.1.4;Движение прямо или направо;Движение разрешено только прямо или направо.
115;4.1.5.svg;4.1.5;Движение прямо или налево;"Движение разрешено только прямо, налево, а также разрешён разворот из крайней левой полосы движения, если разметка или другие дорожные знаки не предписывают иное."
116;4.1.6.svg;4.1.6;Движение направо или налево;"Движение разрешено только налево или направо, а также разрешён разворот из крайней левой полосы движения, если разметка или другие дорожные знаки не предписывают иное."
117;4.2.1.svg;4.2.1;Объезд препятствия справа;"Объезд островков безопасности и различного рода препятствий для дорожного движения, находящихся на проезжей части дороги, разрешается только со стороны, указанной стрелкой."
118;4.2.2.svg;4.2.2;Объезд препятствия слева;"Объезд островков безопасности и различного рода препятствий для дорожного движения, находящихся на проезжей части дороги, разрешается только со стороны, указанной стрелкой."
119;4.2.3.svg;4.2.3;Объезд препятствия справа или слева;"Объезд островков безопасности и различного рода препятствий для дорожного движения, находящихся на проезжей части дороги, разрешается с любой стороны."
120;4.3.svg;4.3;Круговое движение;"Разрешается объезд центрального островка на перекрёстке (площади) с круговым движением только в направлении, указанном стрелками."
121;4.4.svg;4.4;Движение легковых автомобилей;Разрешается движение только легковых автомобилей и мотоциклов.
122;4.5.1.svg;4.5.1;Велосипедная дорожка;"Разрешается движение только на велосипедах. Если при отсутствии тротуара или пешеходной дорожки по велосипедной дорожке разрешается движение пешеходов, вместо знака 4.5.1 устанавливается знак 4.5.3, при этом пешеходы не должны создавать препятствий для движения велосипедистов"
123;4.5.2.svg;4.5.2;Конец велосипедной дорожки;Конец зоны действия знака 4.5.1.
124;4.5.3.svg;4.5.3;Начало велосипедной дорожки с разрешённым движением пешеходов;Рекомендательный[9].
125;4.5.4.svg;4.5.4;Конец велосипедной дорожки с разрешённым движением пешеходов;Конец зоны действия знака 4.5.3. Рекомендательный[9].
126;4.6.1.svg;4.6.1;Пешеходная дорожка;"Разрешается движение только пешеходам. Если при отсутствии велосипедной дорожки по пешеходной дорожке разрешается движение на велосипедах, вместо знака 4.6.1 устанавливается знак 4.6.3, при этом велосипедисты не должны создавать препятствий для движения пешеходов."
127;4.6.2.svg;4.6.2;Конец пешеходной дорожки;Конец зоны действия знака 4.6.1.
128;4.6.3.svg;4.6.3;Начало пешеходной дорожки с разрешённым движением велосипедистов;Рекомендательный[9].
129;4.6.4.svg;4.6.4;Конец пешеходной дорожки с разрешённым движением велосипедистов;Конец зоны действия знака 4.6.3. Рекомендательный[9].
130;4.7.svg;4.7;Ограничение минимальной скорости;"Разрешается движение только с указанной или с большей скоростью (км/ч), но не более предусмотренной пунктами 88 и 89 Правил."
131;4.8.svg;4.8;Конец зоны ограничения минимальной скорости;Конец зоны действия знака 4.7.
132;4.9.1.svg;4.9.1;Направление движения транспортных средств с опасными грузами;Движение транспортных средств с опознавательными знаками «Опасный груз» разрешается только в направлении налево
133;4.9.2.svg;4.9.2;Направление движения транспортных средств с опасными грузами;Движение транспортных средств с опознавательными знаками «Опасный груз» разрешается только в направлении прямо
134;4.9.3.svg;4.9.3;Направление движения транспортных средств с опасными грузами;Движение транспортных средств с опознавательными знаками «Опасный груз» разрешается только в направлении направо
135;4.10.1.svg;4.10.1;Дорожка для всадников;Разрешается движение только всадникам.
136;4.10.2.svg;4.10.2;Конец дорожки для всадников;Конец зоны действия знака 4.10.1.
137;4.11.1.svg;4.11.1;Начало пешеходной и велосипедной дорожки;"Разрешается движение пешеходам и велосипедистам, при этом полосы движения для пешеходов и велосипедистов отделены друг от друга (барьером или разметкой). Сторона изображения указывает соответствующую полосу для движения. Рекомендательный[9]."
138;4.11.2.svg;4.11.2;Начало пешеходной и велосипедной дорожки;"Разрешается движение пешеходам и велосипедистам, при этом полосы движения для пешеходов и велосипедистов отделены друг от друга (барьером или разметкой). Сторона изображения указывает соответствующую полосу для движения. Рекомендательный[9]."
139;4.11.3.svg;4.11.3;Конец пешеходной и велосипедной дорожки;"Конец зоны действия знака 4.11.1, 4.11.2. Рекомендательный[9]."
140;4.11.4.svg;4.11.4;Конец пешеходной и велосипедной дорожки;"Конец зоны действия знака 4.11.1, 4.11.2. Рекомендательный[9]."
141;5.1.svg;5.1;Автомагистраль;"Знаки информируют о начале и конце дороги, на которой действуют специальные требования Правил, устанавливающие порядок дорожного движения на автомагистрали[18]."
142;5.2.svg;5.2;Конец автомагистрали;"Знаки информируют о начале и конце дороги, на которой действуют специальные требования Правил, устанавливающие порядок дорожного движения на автомагистрали[18]."
143;5.3.svg;5.3;Дорога для автомобилей;"Дорога, предназначенная для движения только автомобилей, автобусов и мотоциклов."
144;5.4.svg;5.4;Конец дороги для автомобилей;Отменяет действие знака 5.3
145;5.5.svg;5.5;Дорога с односторонним движением;"Дорога или конструктивно отделённая проезжая часть дороги, по которой движение транспортных средств по всей ширине осуществляется в одном направлении."
146;5.6.svg;5.6;Конец дороги с односторонним движением;Отменяет действие знака 5.5
147;5.7.1.svg;5.7.1;Выезд на дорогу с односторонним движением;"Выезд на дорогу или проезжую часть, по которой движение транспортных средств разрешено только в направлении, указанном на знаке."
148;5.7.2.svg;5.7.2;Выезд на дорогу с односторонним движением;"Выезд на дорогу или проезжую часть, по которой движение транспортных средств разрешено только в направлении, указанном на знаке."
149;5.8.1.svg;5.8.1;Направления движения по полосам;Количество полос движения на перекрестке и разрешённые направления движения по каждой из них.
150;5.8.2.svg;5.8.2;Направление движения по полосе;"Разрешённое направление (направления) движения по полосе.На знаках 5.8.1, 5.8.2 может быть отражена информация об ограничениях дорожного движения на перекрестке (нанесены изображения запрещающих или предписывающих знаков). Знаки 5.8.1, 5.8.2, разрешающие поворот налево с крайней левой полосы движения, разрешают и разворот с этой полосы. Конфигурация стрелок может быть изменена в соответствии с конфигурацией конкретного перекрестка.Действие знаков 5.8.1, 5.8.2, установленных перед перекрестком, распространяется на весь перекрёсток, если знаки 5.8.1, 5.8.2 или 4.1.1—4.1.6, установленные на перекрестке, не дают других указаний."
151;5.8.3.svg;5.8.3;Начало полосы;"Начало дополнительной полосы на подъёме или полосы торможения.Если на знаке, установленном перед дополнительной полосой движения, нанесено изображение знака 4.4 или 4.7, то водитель транспортного средства, которое не может продолжить движение по основной полосе с учётом требований указанных знаков, должен перестроиться на дополнительную полосу движения."
152;5.8.4.svg;5.8.4;Начало полосы;"Начало участка средней полосы трехполосной дороги, предназначенного для движения в данном направлении, или начало полосы торможения для поворота налево либо разворота.Если на знаке 5.8.4 изображён знак, запрещающий движение каким-либо транспортным средствам, то движение этих транспортных средств по соответствующей полосе запрещается."
153;5.8.5.svg;5.8.5;Конец полосы;Конец дополнительной полосы на подъёме или полосы разгона.
154;5.8.6.svg;5.8.6;Конец полосы;"Конец полосы, предназначенной для движения в данном направлении."
155;5.8.7.svg;5.8.7;Направление движения по полосам;"Если на знаке 5.8.7 нанесено изображение запрещающего или предписывающего знака, то указанные ограничения, условия или режимы движения вводятся на соответствующей полосе движения.Части знаков 5.8.7, 5.8.8, обозначающие количество полос для встречных направлений движения, могут быть выполнены в виде отдельных знаков, установленных на небольшом расстоянии один от другого."
156;5.8.8.svg;5.8.8;Направление движения по полосам;
157;5.9.1.svg;5.9.1;Полоса для маршрутных транспортных средств;"Полоса, предназначенная для движения только маршрутных транспортных средств, движущихся попутно общему потоку транспортных средств.Действие знака распространяется на полосу, над которой он расположен.Действие знака, установленного справа от дороги, распространяется на крайнюю правую полосу."
158;5.9.2.svg;5.9.2;Конец полосы для маршрутных транспортных средств;Конец зоны действия знака 5.9.1.
159;5.10.1.svg;5.10.1;Дорога с полосой для маршрутных транспортных средств;"Дорога, по которой движение маршрутных транспортных средств осуществляется по специально выделенной полосе навстречу потоку транспортных средств."
160;5.10.2.svg;5.10.2;Выезд на дорогу с полосой для маршрутных транспортных средств;"Выезд на дорогу, по которой движение маршрутных транспортных средств осуществляется по специально выделенной полосе навстречу потоку транспортных средств."
161;5.10.3.svg;5.10.3;Выезд на дорогу с полосой для маршрутных транспортных средств;"Выезд на дорогу, по которой движение маршрутных транспортных средств осуществляется по специально выделенной полосе навстречу потоку транспортных средств."
162;5.10.4.svg;5.10.4;Конец дороги с полосой для маршрутных транспортных средств;Отменяет действие знака 5.10.1.
163;5.11.1.svg;5.11.1;Место для разворота;"Обозначает разрыв в разделительной зоне, разделительной полосе или часть перекрёстка, где разрешён разворот."
164;5.11.2.svg;5.11.2;Зона для разворота;Начало зоны для разворота транспортных средств и её длина.
165;5.12.1.svg;5.12.1;Остановочный пункт автобуса и (или) троллейбуса;"Знак обозначает начало посадочной площадки остановочного пункта автобуса и (или) троллейбуса. Вне населённых пунктов знак может быть установлен на павильоне со стороны прибытия маршрутных транспортных средств.В нижней части знака может быть нанесено изображение таблички 7.2.1 с указанием расстояния, равного протяжённости посадочной площадки. Знак может иметь расписание по желанию издателя знака."
166;5.12.2.svg;5.12.2;Место остановки автобуса и (или) троллейбуса;"Знак устанавливается вместо знака 5.12.1. Это знак 5.12.1, где под белым квадратом изображены буквы «А» или «Т». Автобус — буквенный индекс «А». Троллейбус — «Т». Также на знаке написано расписание движения."
167;5.13.1.svg;5.13.1;Остановочный пункт трамвая;"Знак обозначает начало зоны остановочного пункта трамвая. В нижней части знака может быть нанесено изображение таблички 7.2.1 с указанием расстояния, равного протяжённости зоны остановочного пункта трамвая. По желанию издателя может быть расписание."
168;5.13.2.svg;5.13.2;Место остановки трамвая;Знак может устанавливаться в конце зоны остановочного пункта трамвая. Под знаком размещается табличка с информацией о маршрутах и режиме движения трамваев (расписание).
169;5.14.1.svg;5.14.1;Остановочный пункт экспресс-маршрута;"Знак обозначает начало посадочной площадки остановочного пункта транспортного средства, осуществляющего движение в регулярном экспрессном сообщении.Данный остановочный пункт может быть обозначен двумя знаками 5.14.1, установленными в начале и в конце посадочной площадки. В этом случае в нижней части первого по ходу движения знака может быть нанесено изображение таблички 7.2.1 с указанием протяжённости посадочной площадки, а также информация о количестве транспортных средств, которым разрешено одновременно находиться на остановочном пункте."
170;5.14.2.svg;5.14.2;Место стоянки такси;"Знак обозначает зону на проезжей части дороги или специальную площадку, предназначенную только для стоянки такси. На знаке может быть указано количество такси, которым разрешено одновременно находиться на стоянке.В населённых пунктах зона стоянки такси может быть обозначена двумя знаками 5.14.2, один из которых устанавливается в начале зоны с табличкой 7.2.1, второй — в конце зоны стоянки."
171;5.15.svg;5.15;Место стоянки;"Знак обозначает специальную площадку, зону на проезжей части дороги или на тротуаре, которые отведены для стоянки транспортных средств. Для уточнения направления движения, расстояния до специальной площадки и разрешённых на ней условий стоянки со знаком 5.15 могут применяться таблички."
172;5.16.1.svg;5.16.1;Пешеходный переход;"Знаки обозначают зону для перехода пешеходами проезжей части дороги. На пешеходных переходах шириной более 10 метров со знаком 5.16.2 может быть установлена табличка 7.2.1 или 7.2.2, на которой указывается ширина зоны пешеходного перехода."
173;5.16.2.svg;5.16.2;;
174;5.17.1.svg;5.17.1;Подземный пешеходный переход;"Указывает место, где пешеходы могут безопасно перейти дорогу при помощи подземного пешеходного перехода."
175;5.17.2.svg;5.17.2;;
176;5.17.3.svg;5.17.3;Надземный пешеходный переход;"Указывает место, где пешеходы могут безопасно перейти дорогу при помощи надземного пешеходного перехода."
177;5.17.4.svg;5.17.4;;
178;5.18.1.svg;5.18.1;Рекомендуемая скорость;"Скорость, с которой рекомендуется движение на данном участке дороги. Зона действия знака распространяется до знака 5.18.2 либо до знака 5.18.1 с другим значением рекомендуемой скорости или до ближайшего обозначенного перекрестка, а при применении знака 5.18.1 с предупреждающим знаком определяется протяжённостью опасного участка дороги."
179;5.18.2.svg;5.18.2;Конец действия знака «Рекомендуемая скорость»;Конец зоны действия знака «Рекомендуемая скорость»
180;5.19.1.svg;5.19.1;Тупик;"Указывает участок дороги, где невозможно сквозное движение, не запрещая при этом движение в направлении тупика."
181;5.19.2.svg;5.19.2;Тупик;"Указывает участок дороги, где невозможно сквозное движение, не запрещая при этом движение в направлении тупика."
182;5.19.3.svg;5.19.3;Тупик;"Указывает участок дороги, где невозможно сквозное движение, не запрещая при этом движение в направлении тупика."
183;5.20.3.svg;5.20.3;Схема движения;"Маршрут движения на перекрестке в случае запрещения отдельных манёвров, указание разрешённых направлений движения на перекрестке со сложной планировкой."
184;5.20.4.svg;5.20.4;Схема движения к пункту обслуживания системы электронного сбора платы за проезд;Указывает направление движения к пункту обслуживания системы BelToll. Рекомендательный[9].
185;5.21.1.svg;5.21.1;Указатель направления;"Указывает направление (направления) движения к населённым пунктам или другим объектам. На знаках могут быть нанесены расстояния до указанных на них объектов (км), символы автомагистрали, аэропорта, изображения знаков 5.29.1, 5.29.2, а также других символов и знаков, информирующих об особенностях дорожного движения."
186;5.21.2.svg;5.21.2;Указатель направлений;
187;5.22.1.svg;5.22.1;Начало населённого пункта;"Начало населённого пункта, в котором действуют специальные требования Правил, устанавливающие порядок дорожного движения в населённых пунктах."
188;5.22.2.svg;5.22.2;Начало населённого пункта;
189;5.23.1.svg;5.23.1;Конец населённого пункта;"Место дороги, с которого утрачивают силу специальные требования Правил, устанавливающие порядок дорожного движения в населённых пунктах."
190;5.23.2.svg;5.23.2;Конец населённого пункта;
191;5.24.svg;5.24;Начало границы населённого пункта;"Начало границы населённого пункта, при движении по которому на данной дороге не действуют специальные требования Правил, устанавливающие порядок дорожного движения в населённых пунктах."
192;5.25.svg;5.25;Конец границы населённого пункта;"Конец границы населённого пункта, обозначенного знаком 5.24."
193;5.26.1.svg;5.26.1;Наименование объекта;"Наименование объекта, не являющегося населённым пунктом (река, озеро, достопримечательности и т. п.), а также обозначение границ административно-территориальных и территориальных единиц."
194;5.26.2.svg;5.26.2;Наименование объекта;"Наименование объекта в населённом пункте (название улицы, театра, музея и т. п.)."
195;5.27.svg;5.27;Указатель расстояний;Расстояние до населённых пунктов или других объектов (км).
196;5.28.svg;5.28;Километровый знак;Расстояние от начала дороги (км).
197;5.29.1.svg;5.29.1;Номер дороги;"Номер дороги, на которой установлен данный знак.На знаках 5.29.1, 5.29.3 с зелёным фоном указывается номер дороги, включенной в Европейскую систему автомобильных магистралей, с красным фоном — номер магистральной или республиканской дороги, с белым фоном — номер местной дороги."
198;5.29.2.svg;5.29.2;Номер дороги;"Номер дороги, в направлении к которой осуществляется движение."
199;5.29.3.svg;5.29.3;Номер и направление дороги;Указывает направление дороги (синий фон — направление в сторону дороги) с соответствующим номером.
200;5.30.1.svg;5.30.1;Направление движения грузовых автомобилей;"Рекомендуемое направление движения для грузовых автомобилей, тракторов и самоходных машин, если на перекрестке их движение в одном из направлений запрещено."
201;5.30.2.svg;5.30.2;Направление движения грузовых автомобилей;"Рекомендуемое направление движения для грузовых автомобилей, тракторов и самоходных машин, если на перекрестке их движение в одном из направлений запрещено."
202;5.30.3.svg;5.30.3;Направление движения грузовых автомобилей;"Рекомендуемое направление движения для грузовых автомобилей, тракторов и самоходных машин, если на перекрестке их движение в одном из направлений запрещено."
203;5.31.svg;5.31;Схема объезда;"Маршрут объезда участка дороги, временно закрытого для движения."
204;5.32.1.svg;5.32.1;Направление объезда;"Направление объезда участка дороги, временно закрытого для движения."
205;5.32.2.svg;5.32.2;Направление объезда;"Направление объезда участка дороги, временно закрытого для движения."
206;5.32.3.svg;5.32.3;Направление объезда;"Направление объезда участка дороги, временно закрытого для движения."
207;5.33.svg;5.33;Стоп-линия;"Место остановки транспортных средств при запрещающем сигнале регулировщика, светофора."
208;5.34.1.svg;5.34.1;Предварительный указатель перестроения на другую проезжую часть;"Направление объезда участка проезжей части дороги с разделительной полосой, временно закрытого для движения."
209;5.34.2.svg;5.34.2;Предварительный указатель перестроения на другую проезжую часть;Направление движения для возвращения на правую проезжую часть дороги.
210;5.35.svg;5.35;Реверсивное движение;"Начало участка дороги, на котором на одной или нескольких полосах направление движения может изменяться на противоположное."
211;5.36.svg;5.36;Конец реверсивного движения;"Конец участка дороги, обозначенного знаком 5.35."
212;5.37.svg;5.37;Выезд на дорогу с реверсивным движением;"Выезд на участок дороги, на котором на одной или нескольких полосах направление движения может изменяться на противоположное."
213;5.38.svg;5.38;Жилая зона;"Знаки информируют соответственно о начале и конце территории, на которой действуют специальные требования Правил, устанавливающие порядок дорожного движения в жилых зонах[19]."
214;5.39.svg;5.39;Конец жилой зоны;
215;5.40.svg;5.40;Пешеходная зона;"Знаки информируют соответственно о начале и конце территории, на которой действуют специальные требования Правил, устанавливающие порядок дорожного движения в пешеходных зонах[19]."
216;5.41.svg;5.41;Конец пешеходной зоны;
217;5.42.svg;5.42;Платная автомобильная дорога;"Знак информирует о начале участка дороги, на котором используется система электронного сбора платы в режиме свободного многополосного движения за проезд транспортных средств."
218;5.43.svg;5.43;Конец платной автомобильной дороги;"Знак информирует о конце участка дороги, на котором используется система электронного сбора платы в режиме свободного многополосного движения за проезд транспортных средств."
219;5.44.svg;5.44;Указатель направления к пункту обслуживания системы электронного сбора платы за проезд;Рекомендательный[9].
220;6.1.svg;6.1;Пункт первой медицинской помощи;
221;6.2.svg;6.2;Больница;
222;6.3.1.svg;6.3.1;Автозаправочная станция;Автозаправочная станция (только жидкое топливо)
223;6.3.2.svg;6.3.2;Газовая автозаправочная станция (только газ);
224;6.3.3.svg;6.3.3;Совместная автозаправочная станция (жидкое топливо и газ);
225;6.3.4.svg;6.3.4;Станция для зарядки;Рекомендательный[9].
226;6.3.5.svg;6.3.5;"Автозаправочная станция, совмещённая со станцией для зарядки";Рекомендательный[9]. Жидкое топливо и электрозарядка.
227;6.3.6.svg;6.3.6;Рекомендательный[9]. Газ и электрозарядка.;
228;6.3.7.svg;6.3.7;"Рекомендательный[9]. Жидкое топливо, газ и электрозарядка.";
229;6.4.svg;6.4;Техническое обслуживание автомобилей;
230;6.5.svg;6.5;Мойка автомобилей;
231;6.6.svg;6.6;Телефон;
232;6.7.svg;6.7;Пункт питания;
233;6.8.svg;6.8;Питьевая вода;
234;6.9.svg;6.9;Гостиница или мотель;
235;6.10.svg;6.10;Кемпинг;
236;6.11.svg;6.11;Место отдыха;
237;6.12.1.svg;6.12.1;Милиция;
238;6.12.2.svg;6.12.2;ГАИ;
239;6.13.svg;6.13;Туалет;
240;6.14.svg;6.14;Пункт контроля автомобильных перевозок;
241;6.15.svg;6.15;Достопримечательность;
242;6.16.svg;6.16;Пункт обслуживания системы электронного сбора платы за проезд;Рекомендательный[9].
243;7.1.1.svg;7.1.1;Расстояние до объекта;"Указывает расстояние от знака до начала опасного участка дороги или до места, с которого начинает действовать ограничение дорожного движения, или до определённого объекта (места), расположенного по ходу движения."
244;7.1.2.svg;7.1.2;Расстояние до объекта;"Указывает расстояние от знака 2.4 до перекрестка в случае, если непосредственно перед перекрестком установлен знак 2.5."
245;7.1.3.svg;7.1.3;Расстояние до объекта;"Указывает расстояние до объекта, находящегося в стороне от дороги."
246;7.1.4.svg;7.1.4;Расстояние до объекта;"Указывает расстояние до объекта, находящегося в стороне от дороги."
247;7.2.1.svg;7.2.1;Зона действия;"Указывает протяжённость опасного участка дороги, обозначенного предупреждающими знаками, или зону действия запрещающих, предписывающих либо информационно-указательных знаков."
248;7.2.2.svg;7.2.2;Зона действия;"Указывает зону действия знаков 3.27-3.30, если она не распространяется до ближайшего обозначенного перекрестка, а также ширину зоны пешеходного перехода, обозначенного знаками 5.16.1, 5.16.2."
249;7.2.3.svg;7.2.3;Зона действия;Указывает конец зоны действия знаков 3.27-3.30.
250;7.2.4.svg;7.2.4;Зона действия;Информирует водителей о нахождении транспортных средств в зоне действия знаков 3.27-3.30.
251;7.2.5.svg;7.2.5;Зона действия;Указывают направление и зону действия знаков 3.27-3.30 справа и (или) слева от них.
252;7.2.6.svg;7.2.6;;Указывают направление и зону действия знаков 3.27-3.30 справа и (или) слева от них.
253;7.3.1.svg;7.3.1;Направления действия;"Указывают направления действия знаков, установленных перед перекрёстком или направления движения к обозначенным объектам, находящимся непосредственно у дороги."
254;7.3.2.svg;7.3.2;Направления действия;
255;7.3.3.svg;7.3.3;Направления действия;
256;7.4.1.svg;7.4.1;Вид транспортного средства;"Указывают вид транспортного средства, на который распространяется действие знака.  Табличка 7.4.1 распространяет действие знака на грузовые автомобили (в том числе с прицепом) с технически допустимой общей массой свыше 3,5 т. Табличка 7.4.3 — на легковые автомобили, а также на грузовые автомобили с технически допустимой общей массой до 3,5 т включительно. Табличка 7.4.8 — на транспортные средства, оборудованные опознавательными знаками «Опасный груз»."
257;7.4.2.svg;7.4.2;Вид транспортного средства;"Указывают вид транспортного средства, на который распространяется действие знака.  Табличка 7.4.1 распространяет действие знака на грузовые автомобили (в том числе с прицепом) с технически допустимой общей массой свыше 3,5 т. Табличка 7.4.3 — на легковые автомобили, а также на грузовые автомобили с технически допустимой общей массой до 3,5 т включительно. Табличка 7.4.8 — на транспортные средства, оборудованные опознавательными знаками «Опасный груз»."
258;7.4.3.svg;7.4.3;Вид транспортного средства;"Указывают вид транспортного средства, на который распространяется действие знака.  Табличка 7.4.1 распространяет действие знака на грузовые автомобили (в том числе с прицепом) с технически допустимой общей массой свыше 3,5 т. Табличка 7.4.3 — на легковые автомобили, а также на грузовые автомобили с технически допустимой общей массой до 3,5 т включительно. Табличка 7.4.8 — на транспортные средства, оборудованные опознавательными знаками «Опасный груз»."
259;7.4.4.svg;7.4.4;Вид транспортного средства;"Указывают вид транспортного средства, на который распространяется действие знака.  Табличка 7.4.1 распространяет действие знака на грузовые автомобили (в том числе с прицепом) с технически допустимой общей массой свыше 3,5 т. Табличка 7.4.3 — на легковые автомобили, а также на грузовые автомобили с технически допустимой общей массой до 3,5 т включительно. Табличка 7.4.8 — на транспортные средства, оборудованные опознавательными знаками «Опасный груз»."
260;7.4.5.svg;7.4.5;Вид транспортного средства;"Указывают вид транспортного средства, на который распространяется действие знака.  Табличка 7.4.1 распространяет действие знака на грузовые автомобили (в том числе с прицепом) с технически допустимой общей массой свыше 3,5 т. Табличка 7.4.3 — на легковые автомобили, а также на грузовые автомобили с технически допустимой общей массой до 3,5 т включительно. Табличка 7.4.8 — на транспортные средства, оборудованные опознавательными знаками «Опасный груз»."
261;7.4.6.svg;7.4.6;Вид транспортного средства;"Указывают вид транспортного средства, на который распространяется действие знака.  Табличка 7.4.1 распространяет действие знака на грузовые автомобили (в том числе с прицепом) с технически допустимой общей массой свыше 3,5 т. Табличка 7.4.3 — на легковые автомобили, а также на грузовые автомобили с технически допустимой общей массой до 3,5 т включительно. Табличка 7.4.8 — на транспортные средства, оборудованные опознавательными знаками «Опасный груз»."
262;7.4.7.svg;7.4.7;Вид транспортного средства;"Указывают вид транспортного средства, на который распространяется действие знака.  Табличка 7.4.1 распространяет действие знака на грузовые автомобили (в том числе с прицепом) с технически допустимой общей массой свыше 3,5 т. Табличка 7.4.3 — на легковые автомобили, а также на грузовые автомобили с технически допустимой общей массой до 3,5 т включительно. Табличка 7.4.8 — на транспортные средства, оборудованные опознавательными знаками «Опасный груз»."
263;7.4.8.svg;7.4.8;Вид транспортного средства;"Указывают вид транспортного средства, на который распространяется действие знака.  Табличка 7.4.1 распространяет действие знака на грузовые автомобили (в том числе с прицепом) с технически допустимой общей массой свыше 3,5 т. Табличка 7.4.3 — на легковые автомобили, а также на грузовые автомобили с технически допустимой общей массой до 3,5 т включительно. Табличка 7.4.8 — на транспортные средства, оборудованные опознавательными знаками «Опасный груз»."
264;7.4.9.svg;7.4.9;"Транспортное средство, приводимое в движение электродвигателем";Электромобиль. Рекомендательный[9].
265;7.5.1.svg;7.5.1;"Субботние, воскресные и праздничные дни";"Указывают дни недели, в течение которых действует знак."
266;7.5.2.svg;7.5.2;Рабочие дни;
267;7.5.3.svg;7.5.3;Дни недели;
268;7.5.4.svg;7.5.4;Время действия;"Указывает время суток, в течение которого действует знак."
269;7.5.5.svg;7.5.5;Время действия;"Указывают дни недели и время суток, в течение которых действует знак."
270;7.5.6.svg;7.5.6;Время действия;"Указывают дни недели и время суток, в течение которых действует знак."
271;7.5.7.svg;7.5.7;Время действия;"Указывают дни недели и время суток, в течение которых действует знак."
272;7.6.1 (7.6.10).svg;7.6.1 (7.6.10);Способ постановки транспортного средства на стоянку;"Указывает, что все транспортные средства должны быть поставлены на стоянку на проезжей части вдоль тротуара."
273;7.6.2 (7.6.11).svg;7.6.2 (7.6.11);Способ постановки транспортного средства на стоянку;Указывают способ постановки легковых автомобилей и мотоциклов на околотротуарной стоянке.Остановка и стоянка других транспортных средств запрещаются.
274;7.6.3 (7.6.12).svg;7.6.3 (7.6.12);Способ постановки транспортного средства на стоянку;Указывают способ постановки легковых автомобилей и мотоциклов на околотротуарной стоянке.Остановка и стоянка других транспортных средств запрещаются.
275;7.6.4 (7.6.13).svg;7.6.4 (7.6.13);Способ постановки транспортного средства на стоянку;Указывают способ постановки легковых автомобилей и мотоциклов на околотротуарной стоянке.Остановка и стоянка других транспортных средств запрещаются.
276;7.6.5 (7.6.14).svg;7.6.5 (7.6.14);Способ постановки транспортного средства на стоянку;Указывают способ постановки легковых автомобилей и мотоциклов на околотротуарной стоянке.Остановка и стоянка других транспортных средств запрещаются.
277;7.6.6 (7.6.15).svg;7.6.6 (7.6.15);Способ постановки транспортного средства на стоянку;Указывают способ постановки легковых автомобилей и мотоциклов на околотротуарной стоянке.Остановка и стоянка других транспортных средств запрещаются.
278;7.6.7 (7.6.16).svg;7.6.7 (7.6.16);Способ постановки транспортного средства на стоянку;Указывают способ постановки легковых автомобилей и мотоциклов на околотротуарной стоянке.Остановка и стоянка других транспортных средств запрещаются.
279;7.6.8 (7.6.17).svg;7.6.8 (7.6.17);Способ постановки транспортного средства на стоянку;Указывают способ постановки легковых автомобилей и мотоциклов на околотротуарной стоянке.Остановка и стоянка других транспортных средств запрещаются.
280;7.6.9 (7.6.18).svg;7.6.9 (7.6.18);Способ постановки транспортного средства на стоянку;Указывают способ постановки легковых автомобилей и мотоциклов на околотротуарной стоянке.Остановка и стоянка других транспортных средств запрещаются.
281;7.7.svg;7.7;Количество опасных поворотов;"Устанавливается со знаками 1.12.1, 1.12.2 и информирует о количестве опасных поворотов, расположенных один за другим."
282;7.8.svg;7.8;Платные услуги;"Указывает, что услуги предоставляются только за наличный расчет."
283;7.9.svg;7.9;Ограничение продолжительности стоянки;"Указывает максимальную продолжительность пребывания транспортного средства на стоянке, обозначенной знаком 5.15."
284;7.10.svg;7.10;Место для осмотра автомобилей;"Указывает, что на площадке, обозначенной знаком 5.15 или 6.11, имеется эстакада или смотровая канава для осмотра транспортных средств."
285;7.11.svg;7.11;Ограничение разрешенной максимальной массы;"Указывает, что действие знака распространяется только на транспортные средства с фактической массой более обозначенной на табличке."
286;7.12.svg;7.12;Нанесение разметки;Устанавливается со знаком 1.23 и информирует о проведении работ по нанесению дорожной разметки.
287;7.13.svg;7.13;Направление главной дороги;"Устанавливается со знаками 2.1, 2.4, 2.5 и указывает направление главной дороги на перекрестке."
288;7.14.svg;7.14;Полоса движения;"Указывает полосу движения, на которую распространяется действие знака или светофора."
289;7.15.svg;7.15;Пешеходы-инвалиды по зрению;"Указывает, что пешеходным переходом часто пользуются инвалиды по зрению. Применяется со знаками 1.20, 5.16.1, 5.16.2 и светофорами."
290;7.16.svg;7.16;Влажное покрытие;"Указывает, что действие знака распространяется только на период времени, когда покрытие проезжей части дороги является влажным."
291;7.17.svg;7.17;Инвалиды;"Используется с дорожным знаком 5.15 и информирует, что стояночная площадка или её часть отведена для стоянки транспортных средств с опознавательным знаком «Инвалид»."
292;7.18.svg;7.18;Кроме инвалидов;"Указывает, что действие знака не распространяется на транспортные средства с опознавательным знаком «Инвалид»."
293;7.19.svg;7.19;Класс опасного груза;"Устанавливается со знаком 3.32 и указывает номер класса опасного груза (согласно ГОСТ 19433-88), с которым движение транспортных средств запрещено."
294;7.20.svg;7.20;Эвакуатор;Устанавливается со знаками 3.27—3.30 и информирует о возможной эвакуации (блокировке колес) транспортного средства при отсутствии водителя в транспортном средстве или в непосредственной близости от него.
295;7.21.svg;7.21;Скользкая полоса наката;Устанавливается со знаком 1.23 и информирует о возможном изменении коэффициента сцепления по ширине проезжей части дороги.
296;7.22.1.svg;7.22.1;Вид опасности;Устанавливается со знаком 1.29 и информирует о возможном виде дорожно-транспортного происшествия.
297;7.22.2.svg;7.22.2;Вид опасности;Устанавливается со знаком 1.29 и информирует о возможном виде дорожно-транспортного происшествия.
298;7.22.3.svg;7.22.3;Вид опасности;Устанавливается со знаком 1.29 и информирует о возможном виде дорожно-транспортного происшествия.
299;7.22.4.svg;7.22.4;Вид опасности;Устанавливается со знаком 1.29 и информирует о возможном виде дорожно-транспортного происшествия.
300;7.23.svg;7.23;Экстренная помощь;Информирует о наличии экстренной связи на дороге.
301;7.24.svg;7.24;Служите примером своему ребёнку;"Рекомендательный[9]. Размещается на пешеходном переходе рядом со школой, детским дошкольным учреждением и учреждением здравоохранения, передней стороной к пешеходам."
302;7.25.svg;7.25;Количество разрешенных мест для стоянки;Рекомендательный[9].
